,address
0,0x68b3465833fb72a70ecdf485e0e4c7bd8665fc45
1,0x4c60051384bd2d3c01bfc845cf5f4b44bcbe9de5
2,0xc6d973b31bb135caba83cf0574c0347bd763ecc5
3,0xdb6f1920a889355780af7570773609bd8cb1f498
4,0xe592427a0aece92de3edee1f18e0157c05861564
5,0x3fc91a3afd70395cd496c647d5a6cc9d4b2b7fad
6,0xdd94018f54e565dbfc939f7c44a16e163faab331
7,0xdef1c0ded9bec7f1a1670819833240f027b25eff
8,0x973bf562407766e77f885c1cd1a8060e5303c745
9,0x9dda6ef3d919c9bc8885d5560999a3640431e8e6
10,0xdef171fe48cf0115b1d80b88dc8eab59176fee57
11,0xd7f1dd5d49206349cae8b585fcb0ce3d96f1696f
12,0x1111111254fb6c44bac0bed2854e76f90643097d
13,0xec8b0f7ffe3ae75d7ffab09429e3675bb63503e4
14,0x1111111254eeb25477b68fb85ed929f73a960582
15,0x0c6134abc08a1eafc3e2dc9a5ad023bb08da86c3
16,0x426b751aba5f49914bfbd4a1e45aee099d757733
17,0x3b6067d4caa8a14c63fdbe6318f27a0bbc9f9237
18,0x96ca304a7cd4afd6121f8917d2cdeb8da1175d5b
19,0xf39b0051ea6baa346d053405e61853131aa39f08
20,0x6131b5fae19ea4f9d964eac0408e4408b66337b5
21,0x3a23f943181408eac424116af7b7790c94cb97a5
22,0x1b02da8cb0d097eb8d57a175b88c7d8b47997506
23,0xa5b3e40ebf44447c092920a9bec3ed85aac79e9a
24,0x177d36dbe2271a4ddb2ad8304d82628eb921d790
25,0x13c2910c06f6f8648cb01d4f20ad8fa1d3868a17
26,0x2967e7bb9daa5711ac332caf874bd47ef99b3820
27,0xce16f69375520ab01377ce7b88f5ba8c48f8d666
28,0x6352a56caadc4f1e25cd6c75970fa768a3304e64
29,0xf332761c673b59b21ff6dfa8ada44d78c12def09
30,0xba55d7f67fa22df5e92487d5b306ddb1aa543d10
31,0x6c3398f3aa89ad15e75b923ec79edb66787bc8c2
32,0xd9c7cd07f3435df70b3204e1612aebb1c374d1de
33,0x79a556ef2c5b613db3dfa8797e6772c5aaf86834
34,0xf7edb240dbf7bbed7d321776afe87d1fbcfd0a94
35,0x1231deb6f5749ef6ce6943a275a1d3e7486f4eae
36,0x62c5aa8277e49b3ead43dc67453ec91dc6826403
37,0x4775af8fef4809fe10bf05867d2b038a4b5b2146
38,0xd1ca1f4dbb645710f5d5a9917aa984a47524f49a
39,0x11111112542d85b3ef69ae05771c2dccff4faa26
40,0x617dee16b86534a5d792a4d7a62fb491b544111e
41,0x5411894842e610c4d0f6ed4c232da689400f94a1
42,0x8478ab5064ebac770ddce77e7d31d969205f041e
43,0x5279ebc4e5ba9ea09f19ade49f2bc98339aea4d7
44,0xb45a2dda996c32e93b8c47098e90ed0e7ab18e39
45,0x9eea8e424ca2e03bef5eee46668d5d98ea0eaaa7
46,0x9c6522117e2ed1fe5bdb72bb0ed5e3f2bde7dbe0
47,0x794a61358d6845594f94dc1db02a252b5b4814ad
48,0xfc99f58a8974a4bc36e60e2d490bb8d72899ee9f
49,0x49f517cfed2679fb8b31df102150b81b25ee552b
50,0x5e4d7f61cc608485a2e4f105713d26d58a9d0cf6
51,0x33383265290421c704c6b09f4bf27ce574dc4203
52,0x30e7348163016b3b6e1621a3cb40e8cf33ce97db
53,0x16f6617680333e90f18aa89a85817d347078b7b8
54,0x72394cb99d67f3144855fa2e7941a0685ea96991
55,0xc9f0fc1ba06a460ea33a919c370cd606dd46bfbb
56,0xde3447eb47ecdf9b5f90e7a6960a14663916cee8
57,0x7ca90dd6813256bd040a8e13bbced857b1c0c90c
58,0xaaaa55c44c7b4d87662fc8ff1f310c96ed57ce1f
59,0x3335733c454805df6a77f825f266e136fb4a3333
60,0x362fa9d0bca5d19f743db50738345ce2b40ec99f
61,0x226cb17a52709034e2ec6abe0d2f0a9ebcec1059
62,0x2925671dc7f2def9e4ad3fa878afd997f0b4db45
63,0xc30141b657f4216252dc59af2e7cdb9d8792e1b0
64,0x042d77505058ead3751b8ca9ae29726937cf73d8
65,0x00000000009726632680fb29d3f7a9734e3010e2
66,0x68b2fc1566f411c1af8ff5bfda3dd4f3f3e59d03
67,0xebf4886be5c7126f59f305561f93fb8d426e9aa3
